Wavelength (nm),5,10,15,20,25,35,45,55
260,0.99635,0.90794,0.86817,0.67822,0.5846,0.55178,0.3763,0.21305
259.9,0.99857,0.91204,0.87388,0.68281,0.59474,0.56203,0.38705,0.2187
259.8,1.0006,0.91552,0.87893,0.68677,0.6039,0.57086,0.3967,0.22414
259.7,1.00247,0.91844,0.88337,0.69013,0.61215,0.57836,0.40532,0.22937
259.6,1.00418,0.92088,0.88725,0.69293,0.61953,0.58464,0.41298,0.23438
259.5,1.00575,0.92287,0.89061,0.69523,0.6261,0.58977,0.41974,0.23918
259.4,1.00719,0.92449,0.89349,0.69705,0.63192,0.59385,0.42566,0.24376
259.3,1.00851,0.92577,0.89594,0.69843,0.63704,0.59696,0.4308,0.24811
259.2,1.00972,0.92677,0.89799,0.6994,0.64151,0.59918,0.43522,0.25225
259.1,1.01084,0.92752,0.89968,0.70001,0.64537,0.60059,0.43896,0.25616
259,1.01187,0.92808,0.90104,0.70027,0.64867,0.60125,0.44209,0.25985
258.9,1.01283,0.92847,0.90211,0.70023,0.65146,0.60125,0.44465,0.26332
258.8,1.01372,0.92875,0.90291,0.69991,0.65377,0.60064,0.44668,0.26656
258.7,1.01454,0.92893,0.90348,0.69934,0.65564,0.5995,0.44823,0.26959
258.6,1.01532,0.92906,0.90384,0.69855,0.65712,0.59787,0.44934,0.27239
258.5,1.01606,0.92916,0.90401,0.69756,0.65822,0.59582,0.45006,0.27498
258.4,1.01675,0.92926,0.90402,0.69639,0.659,0.5934,0.45041,0.27735
258.3,1.01742,0.92937,0.90389,0.69507,0.65948,0.59067,0.45043,0.2795
258.2,1.01805,0.92954,0.90363,0.69362,0.65969,0.58767,0.45016,0.28144
258.1,1.01867,0.92976,0.90328,0.69206,0.65966,0.58444,0.44963,0.28318
258,1.01926,0.93007,0.90283,0.69041,0.65942,0.58104,0.44887,0.2847
257.9,1.01985,0.93047,0.90231,0.68869,0.65898,0.57749,0.44789,0.28602
257.8,1.02042,0.93098,0.90173,0.68691,0.65838,0.57385,0.44674,0.28713
257.7,1.02098,0.93161,0.90111,0.68508,0.65763,0.57014,0.44544,0.28805
257.6,1.02154,0.93237,0.90044,0.68323,0.65677,0.56639,0.44399,0.28877
257.5,1.0221,0.93327,0.89975,0.68137,0.65579,0.56264,0.44244,0.28929
257.4,1.02265,0.93431,0.89904,0.6795,0.65473,0.55891,0.44079,0.28963
257.3,1.0232,0.9355,0.89831,0.67764,0.65359,0.55523,0.43906,0.28979
257.2,1.02375,0.93684,0.89757,0.6758,0.6524,0.55161,0.43726,0.28976
257.1,1.02431,0.93833,0.89683,0.67399,0.65116,0.54809,0.43542,0.28955
257,1.02485,0.93997,0.89609,0.67222,0.64989,0.54468,0.43354,0.28916
256.9,1.0254,0.94176,0.89535,0.67049,0.64859,0.54139,0.43163,0.28861
256.8,1.02595,0.9437,0.89461,0.6688,0.64728,0.53825,0.4297,0.28788
256.7,1.02649,0.94577,0.89387,0.66717,0.64597,0.53525,0.42777,0.287
256.6,1.02702,0.94797,0.89313,0.6656,0.64465,0.53241,0.42583,0.28595
256.5,1.02755,0.9503,0.89239,0.66409,0.64335,0.52974,0.42389,0.28474
256.4,1.02806,0.95275,0.89165,0.66265,0.64205,0.52725,0.42197,0.28338
256.3,1.02857,0.9553,0.8909,0.66127,0.64077,0.52494,0.42005,0.28187
256.2,1.02905,0.95795,0.89014,0.65995,0.6395,0.5228,0.41814,0.28021
256.1,1.02951,0.96068,0.88936,0.65871,0.63826,0.52086,0.41625,0.27841
256,1.02995,0.96348,0.88856,0.65753,0.63703,0.51909,0.41437,0.27646
255.9,1.03036,0.96634,0.88774,0.65641,0.63582,0.5175,0.41251,0.27437
255.8,1.03074,0.96925,0.88688,0.65535,0.63463,0.51609,0.41065,0.27215
255.7,1.03108,0.97218,0.88598,0.65436,0.63345,0.51484,0.4088,0.26979
255.6,1.03138,0.97512,0.88504,0.65342,0.63229,0.51376,0.40695,0.26729
255.5,1.03163,0.97806,0.88403,0.65253,0.63113,0.51284,0.4051,0.26467
255.4,1.03182,0.98098,0.88296,0.65168,0.62998,0.51206,0.40325,0.26191
255.3,1.03196,0.98386,0.88182,0.65088,0.62882,0.51141,0.40138,0.25903
255.2,1.03203,0.98669,0.8806,0.65011,0.62766,0.51089,0.39949,0.25602
255.1,1.03204,0.98944,0.87928,0.64937,0.62648,0.51047,0.39757,0.25287
255,1.03196,0.99209,0.87787,0.64864,0.62529,0.51015,0.39563,0.24961
254.9,1.03189,0.99431,0.87631,0.64769,0.62384,0.50991,0.39328,0.2461
254.8,1.03184,0.99638,0.87471,0.64693,0.62248,0.50978,0.39098,0.24268
254.7,1.0317,0.99839,0.87302,0.64634,0.62124,0.50975,0.38867,0.23939
254.6,1.03152,1.00027,0.87118,0.64585,0.61996,0.51001,0.38636,0.23616
254.5,1.03115,1.00218,0.86925,0.64542,0.61859,0.51039,0.38409,0.23282
254.4,1.03061,1.00422,0.86719,0.64513,0.61724,0.51073,0.38198,0.22935
254.3,1.02994,1.00608,0.86486,0.64486,0.61583,0.51108,0.38,0.22579
254.2,1.02928,1.00765,0.86209,0.64451,0.61439,0.51112,0.37797,0.22211
254.1,1.02856,1.00888,0.85898,0.64414,0.61282,0.51093,0.37566,0.21817
254,1.02764,1.00976,0.85571,0.64381,0.61131,0.51066,0.37318,0.21411
253.9,1.02659,1.01027,0.85224,0.64339,0.60976,0.51035,0.37048,0.20987
253.8,1.02535,1.01043,0.84852,0.64273,0.60799,0.50998,0.36735,0.20534
253.7,1.02388,1.01027,0.84453,0.64171,0.60577,0.50925,0.36375,0.20057
253.6,1.02218,1.0098,0.84027,0.64033,0.60345,0.50814,0.35965,0.19558
253.5,1.02021,1.00887,0.83584,0.63854,0.60104,0.50672,0.35532,0.19049
253.4,1.01799,1.0074,0.83124,0.63641,0.59833,0.50481,0.35097,0.185
253.3,1.01546,1.00549,0.82634,0.63397,0.59522,0.50269,0.34672,0.17896
253.2,1.0126,1.00296,0.82121,0.6311,0.59149,0.50023,0.34251,0.17256
253.1,1.00931,0.99975,0.8159,0.62785,0.58714,0.49731,0.33816,0.16579
253,1.00565,0.99597,0.81049,0.62439,0.58235,0.49381,0.33355,0.15855
252.9,1.00163,0.99165,0.80492,0.62055,0.57716,0.48963,0.32851,0.15067
252.8,0.99711,0.98683,0.7992,0.61619,0.57157,0.48479,0.32314,0.14223
252.7,0.99206,0.98144,0.79304,0.61133,0.5656,0.47953,0.3174,0.13332
252.6,0.98649,0.9756,0.78641,0.60615,0.5595,0.47386,0.31129,0.12382
252.5,0.98046,0.96926,0.77932,0.60072,0.55328,0.46779,0.30483,0.1138
252.4,0.97428,0.9625,0.77188,0.5949,0.54694,0.4613,0.298,0.10332
252.3,0.96811,0.95542,0.76427,0.58865,0.5404,0.45449,0.2908,0.0926
252.2,0.96169,0.94787,0.75668,0.58197,0.53356,0.44721,0.2833,0.0816
252.1,0.95496,0.93989,0.74909,0.57519,0.52648,0.43952,0.27565,0.07032
252,0.94804,0.9317,0.7416,0.56829,0.51929,0.43128,0.2678,0.05884
251.9,0.94104,0.92315,0.73404,0.5614,0.51182,0.42247,0.25942,0.04715
251.8,0.93393,0.91429,0.72631,0.55441,0.5041,0.41324,0.25052,0.03538
251.7,0.9266,0.90502,0.71868,0.54725,0.49609,0.4038,0.24157,0.02347
251.6,0.91899,0.89541,0.71105,0.54,0.48776,0.3941,0.2327,0.01123
251.5,0.91117,0.88552,0.70325,0.53273,0.47913,0.38416,0.22354,-0.00123
251.4,0.90321,0.87533,0.6953,0.52544,0.47043,0.37397,0.21424,-0.01382
251.3,0.89531,0.86492,0.6873,0.51804,0.46162,0.3633,0.20468,-0.02647
251.2,0.8875,0.85449,0.67939,0.51049,0.4528,0.35244,0.1948,-0.0392
251.1,0.87979,0.84394,0.67148,0.50278,0.44391,0.34142,0.1845,-0.05197
251,0.87211,0.83321,0.66356,0.49495,0.43489,0.33017,0.17377,-0.06496
250.9,0.86429,0.82248,0.65583,0.48715,0.42595,0.31877,0.16288,-0.07812
250.8,0.85626,0.81178,0.64815,0.47932,0.41722,0.30729,0.15196,-0.09119
250.7,0.84815,0.80112,0.64057,0.47145,0.40846,0.29576,0.14105,-0.10419
250.6,0.84012,0.79071,0.63315,0.46346,0.39975,0.28413,0.13008,-0.11724
250.5,0.83211,0.78044,0.62596,0.45561,0.39127,0.27221,0.11913,-0.13029
250.4,0.82415,0.77006,0.61893,0.44784,0.38303,0.2602,0.10815,-0.14335
250.3,0.81632,0.75971,0.61222,0.44019,0.37491,0.24832,0.09736,-0.15632
250.2,0.80866,0.7498,0.60576,0.43276,0.36696,0.23672,0.08659,-0.16927
250.1,0.80114,0.74039,0.59955,0.4256,0.35939,0.22533,0.0758,-0.18208
250,0.79394,0.7314,0.59356,0.41863,0.35214,0.21396,0.065,-0.19467
249.9,0.78706,0.72286,0.58783,0.41192,0.34525,0.20267,0.054,-0.20714
249.8,0.78049,0.71472,0.58236,0.40547,0.33876,0.19147,0.04287,-0.21952
249.7,0.77417,0.70696,0.57719,0.39923,0.33247,0.18048,0.03182,-0.23174
249.6,0.76806,0.69951,0.5723,0.39303,0.32648,0.16968,0.02082,-0.24372
249.5,0.7624,0.69225,0.56754,0.38707,0.32088,0.15916,0.00991,-0.25538
249.4,0.75698,0.6852,0.56298,0.38133,0.31558,0.14872,-0.00118,-0.26682
249.3,0.75186,0.67831,0.55866,0.37577,0.31028,0.13836,-0.01245,-0.27798
249.2,0.74698,0.67151,0.55453,0.37026,0.30469,0.12802,-0.02386,-0.28895
249.1,0.74228,0.66495,0.55051,0.36473,0.2989,0.11801,-0.03532,-0.29985
249,0.73759,0.65853,0.54642,0.35925,0.29291,0.10811,-0.04689,-0.31083
248.9,0.73305,0.65221,0.54219,0.35389,0.28672,0.09829,-0.0586,-0.32165
248.8,0.7286,0.646,0.53768,0.34858,0.28036,0.08848,-0.07047,-0.33225
248.7,0.72405,0.63982,0.53288,0.34308,0.27371,0.07863,-0.08263,-0.34273
248.6,0.71938,0.63382,0.52788,0.33743,0.26681,0.06874,-0.09491,-0.35309
248.5,0.71465,0.62807,0.5228,0.33149,0.25977,0.05864,-0.10724,-0.36354
248.4,0.70984,0.62258,0.51754,0.32541,0.25249,0.04823,-0.11993,-0.37419
248.3,0.70501,0.61727,0.51204,0.31896,0.24499,0.03752,-0.13323,-0.38502
248.2,0.70005,0.61204,0.50641,0.31207,0.23731,0.02684,-0.14688,-0.39603
248.1,0.69485,0.60686,0.50081,0.30469,0.22937,0.01631,-0.16085,-0.40734
248,0.68937,0.60159,0.495,0.29676,0.22115,0.0058,-0.175,-0.41894
247.9,0.6835,0.59603,0.48878,0.28845,0.21264,-0.00492,-0.18931,-0.43085
247.8,0.67719,0.59002,0.48193,0.27968,0.2037,-0.01586,-0.20386,-0.44299
247.7,0.67043,0.58368,0.47458,0.27047,0.19429,-0.02698,-0.2186,-0.45544
247.6,0.66308,0.57703,0.46669,0.26089,0.18425,-0.03842,-0.23354,-0.46819
247.5,0.6553,0.57001,0.4583,0.25086,0.17353,-0.0501,-0.24861,-0.48151
247.4,0.64716,0.56265,0.44932,0.24025,0.16208,-0.06212,-0.26392,-0.49566
247.3,0.63848,0.55487,0.43966,0.22899,0.14983,-0.07433,-0.27955,-0.51058
247.2,0.62924,0.54672,0.42945,0.21683,0.13654,-0.08668,-0.29547,-0.52596
247.1,0.61931,0.53819,0.41876,0.20389,0.12243,-0.0993,-0.31163,-0.54184
247,0.60866,0.52922,0.4075,0.19025,0.10763,-0.11232,-0.32833,-0.55821
246.9,0.59728,0.51961,0.39571,0.17566,0.09198,-0.12589,-0.34562,-0.57516
246.8,0.58517,0.50931,0.38327,0.1602,0.07557,-0.13993,-0.36355,-0.59272
246.7,0.57219,0.49813,0.37008,0.14396,0.05834,-0.15457,-0.38231,-0.61077
246.6,0.5583,0.48592,0.35615,0.12704,0.0402,-0.16979,-0.40162,-0.62944
246.5,0.54359,0.47286,0.34132,0.10942,0.02129,-0.18565,-0.42136,-0.64872
246.4,0.52804,0.45911,0.3256,0.09106,0.00161,-0.20216,-0.44167,-0.66862
246.3,0.51159,0.44445,0.30897,0.07203,-0.01877,-0.21935,-0.46251,-0.68924
246.2,0.49419,0.42905,0.29149,0.05231,-0.03999,-0.23714,-0.48389,-0.71068
246.1,0.47572,0.41295,0.27324,0.03175,-0.06209,-0.25557,-0.50563,-0.73287
246,0.45624,0.39594,0.25405,0.01031,-0.08499,-0.27478,-0.52769,-0.75576
245.9,0.43575,0.37808,0.23394,-0.01221,-0.10858,-0.29464,-0.55013,-0.77923
245.8,0.41418,0.35932,0.21275,-0.03548,-0.13292,-0.31527,-0.57322,-0.80345
245.7,0.39169,0.33937,0.19049,-0.05958,-0.15794,-0.33664,-0.59693,-0.82845
245.6,0.36833,0.3184,0.16723,-0.08456,-0.1836,-0.35869,-0.62125,-0.85441
245.5,0.34405,0.29653,0.14319,-0.11034,-0.2099,-0.38141,-0.6462,-0.88128
245.4,0.31895,0.27376,0.11839,-0.13685,-0.23691,-0.40479,-0.67148,-0.90882
245.3,0.29302,0.25001,0.09284,-0.16398,-0.26438,-0.42884,-0.69707,-0.93692
245.2,0.26644,0.22541,0.06665,-0.19159,-0.29229,-0.45337,-0.72307,-0.96554
245.1,0.23917,0.19974,0.03987,-0.21966,-0.3207,-0.47836,-0.74963,-0.99455
245,0.21116,0.17332,0.0125,-0.24831,-0.34961,-0.50387,-0.7766,-1.02398
244.9,0.18233,0.14611,-0.0155,-0.27742,-0.37899,-0.53009,-0.80411,-1.05378
244.8,0.15252,0.1179,-0.04421,-0.30697,-0.40906,-0.5571,-0.83201,-1.08404
244.7,0.12172,0.08872,-0.0735,-0.33693,-0.43977,-0.58487,-0.86036,-1.11485
244.6,0.08989,0.05861,-0.10332,-0.36745,-0.47101,-0.61323,-0.88931,-1.14599
244.5,0.05723,0.02776,-0.13361,-0.39849,-0.50274,-0.64237,-0.91888,-1.17748
244.4,0.02391,-0.00384,-0.16419,-0.42996,-0.53481,-0.67226,-0.94896,-1.20913
244.3,-0.01001,-0.03644,-0.19517,-0.46205,-0.5672,-0.70271,-0.97959,-1.24103
244.2,-0.04446,-0.07001,-0.22661,-0.49465,-0.5999,-0.73381,-1.01078,-1.27321
244.1,-0.07969,-0.10446,-0.25842,-0.52775,-0.63291,-0.76553,-1.04247,-1.30543
244,-0.11557,-0.13986,-0.29061,-0.56122,-0.66613,-0.79799,-1.07466,-1.33765
243.9,-0.15205,-0.17617,-0.3232,-0.59524,-0.69961,-0.83112,-1.10748,-1.37014
243.8,-0.18919,-0.21352,-0.35652,-0.62967,-0.73346,-0.86498,-1.14086,-1.40291
243.7,-0.22711,-0.25159,-0.39047,-0.6646,-0.76791,-0.8997,-1.17451,-1.43583
243.6,-0.26603,-0.29058,-0.42508,-0.69986,-0.80272,-0.93526,-1.20864,-1.46911
243.5,-0.30593,-0.33057,-0.46036,-0.7356,-0.83799,-0.97168,-1.24323,-1.50289
243.4,-0.34665,-0.37132,-0.49641,-0.77193,-0.87385,-1.00903,-1.27833,-1.53753
243.3,-0.38806,-0.41276,-0.53324,-0.8089,-0.91032,-1.04718,-1.31397,-1.5729
243.2,-0.43006,-0.45516,-0.57067,-0.84655,-0.94742,-1.08633,-1.35023,-1.60891
243.1,-0.47297,-0.49844,-0.60857,-0.88488,-0.98515,-1.12649,-1.38718,-1.64556
243,-0.51671,-0.54244,-0.64689,-0.92393,-1.02361,-1.16749,-1.42484,-1.68289
242.9,-0.56133,-0.58724,-0.68589,-0.96385,-1.06289,-1.20936,-1.46307,-1.72063
242.8,-0.60682,-0.63293,-0.72572,-1.00466,-1.10295,-1.25191,-1.50191,-1.75866
242.7,-0.65304,-0.67944,-0.76641,-1.04626,-1.14361,-1.29503,-1.54153,-1.79707
242.6,-0.69998,-0.72664,-0.80787,-1.08861,-1.18489,-1.33891,-1.58179,-1.83604
242.5,-0.74752,-0.77467,-0.84988,-1.13178,-1.2268,-1.38348,-1.62259,-1.87557
242.4,-0.79573,-0.8233,-0.89241,-1.1757,-1.26936,-1.42876,-1.66387,-1.9155
242.3,-0.84479,-0.87266,-0.93541,-1.22039,-1.31267,-1.47458,-1.70561,-1.95576
242.2,-0.89451,-0.92277,-0.97914,-1.26571,-1.35678,-1.52098,-1.74784,-1.99642
242.1,-0.94482,-0.97369,-1.02385,-1.31173,-1.40167,-1.568,-1.79093,-2.03746
242,-0.9957,-1.02558,-1.06938,-1.35855,-1.44747,-1.61572,-1.83503,-2.07906
241.9,-1.0474,-1.0786,-1.11594,-1.40624,-1.4945,-1.66416,-1.88002,-2.12136
241.8,-1.10015,-1.13266,-1.16363,-1.45492,-1.54256,-1.71314,-1.9256,-2.1645
241.7,-1.15408,-1.18772,-1.21262,-1.50469,-1.59172,-1.76266,-1.97162,-2.20844
241.6,-1.20896,-1.24373,-1.26275,-1.55545,-1.64198,-1.81277,-2.01821,-2.25307
241.5,-1.26458,-1.30089,-1.3141,-1.60729,-1.69323,-1.86353,-2.06565,-2.29831
241.4,-1.32107,-1.35927,-1.36659,-1.66031,-1.74551,-1.91495,-2.11392,-2.344
241.3,-1.37836,-1.41867,-1.42009,-1.71428,-1.79887,-1.96715,-2.163,-2.39029
241.2,-1.43643,-1.47919,-1.47474,-1.76914,-1.85328,-2.01995,-2.21259,-2.43742
241.1,-1.49566,-1.54071,-1.53071,-1.82506,-1.90888,-2.07354,-2.26281,-2.48555
241,-1.55604,-1.60315,-1.58809,-1.88177,-1.96563,-2.12796,-2.31359,-2.53485
240.9,-1.61763,-1.66641,-1.64686,-1.93955,-2.02334,-2.18299,-2.36482,-2.58501
240.8,-1.68027,-1.7307,-1.70704,-1.99845,-2.08221,-2.23865,-2.41688,-2.63592
240.7,-1.74394,-1.796,-1.76847,-2.05841,-2.14225,-2.29504,-2.46972,-2.68769
240.6,-1.80873,-1.86231,-1.83128,-2.11939,-2.20333,-2.3523,-2.52308,-2.74032
240.5,-1.87483,-1.92961,-1.8953,-2.18109,-2.26534,-2.41045,-2.57719,-2.7937
240.4,-1.94189,-1.99792,-1.9606,-2.24378,-2.32804,-2.46921,-2.63215,-2.84785
240.3,-2.0097,-2.067,-2.0271,-2.30743,-2.39162,-2.52843,-2.6876,-2.90275
240.2,-2.07855,-2.13678,-2.09483,-2.372,-2.45612,-2.58826,-2.74367,-2.95837
240.1,-2.14839,-2.20765,-2.16375,-2.43731,-2.52143,-2.64866,-2.80025,-3.01444
240,-2.21946,-2.27967,-2.23385,-2.50349,-2.58749,-2.70966,-2.85742,-3.07088
239.9,-2.29194,-2.35254,-2.30516,-2.57066,-2.65436,-2.77116,-2.91518,-3.12774
239.8,-2.36561,-2.42646,-2.37775,-2.63896,-2.72202,-2.83301,-2.9735,-3.18524
239.7,-2.44044,-2.50144,-2.45179,-2.70827,-2.79059,-2.89541,-3.03242,-3.24317
239.6,-2.5165,-2.57764,-2.52727,-2.77856,-2.85989,-2.95851,-3.0922,-3.30156
239.5,-2.59384,-2.65501,-2.60399,-2.84964,-2.92975,-3.02221,-3.15268,-3.36046
239.4,-2.67248,-2.73356,-2.68188,-2.92173,-3.0005,-3.08661,-3.21371,-3.42004
239.3,-2.75239,-2.8133,-2.76109,-2.99471,-3.07217,-3.15173,-3.2751,-3.48027
239.2,-2.83378,-2.89428,-2.84173,-3.06863,-3.14457,-3.21762,-3.33682,-3.54112
239.1,-2.91665,-2.9765,-2.92375,-3.14348,-3.21772,-3.28425,-3.399,-3.60243
239,-3.00115,-3.05998,-3.00715,-3.21923,-3.29162,-3.35187,-3.4618,-3.66404
238.9,-3.08739,-3.14453,-3.09177,-3.29601,-3.36629,-3.42023,-3.52509,-3.72599
238.8,-3.17542,-3.23027,-3.17744,-3.3737,-3.44154,-3.48936,-3.58887,-3.78853
238.7,-3.26526,-3.31712,-3.26413,-3.45228,-3.51755,-3.55912,-3.65319,-3.85162
238.6,-3.35694,-3.40504,-3.35197,-3.53168,-3.59391,-3.6294,-3.71793,-3.9151
238.5,-3.45012,-3.49387,-3.44087,-3.6121,-3.67074,-3.70024,-3.78321,-3.97876
238.4,-3.54471,-3.58375,-3.53069,-3.69327,-3.74825,-3.77166,-3.84919,-4.04269
238.3,-3.6408,-3.67489,-3.62139,-3.77527,-3.82626,-3.84375,-3.91577,-4.10711
238.2,-3.73852,-3.76718,-3.71312,-3.85822,-3.90487,-3.91652,-3.98267,-4.17203
238.1,-3.83769,-3.86049,-3.80595,-3.94207,-3.98394,-3.98999,-4.05008,-4.23757
238,-3.93833,-3.9548,-3.90013,-4.02683,-4.06365,-4.064,-4.11793,-4.30359
237.9,-4.0407,-4.05007,-3.99545,-4.11239,-4.14404,-4.13838,-4.18659,-4.36995
237.8,-4.14465,-4.14644,-4.09184,-4.19853,-4.22498,-4.21307,-4.25592,-4.43653
237.7,-4.25008,-4.24386,-4.1891,-4.28559,-4.30647,-4.28816,-4.32595,-4.50321
237.6,-4.35714,-4.34243,-4.28721,-4.37375,-4.38874,-4.36372,-4.39678,-4.57005
237.5,-4.46585,-4.44191,-4.38609,-4.46297,-4.47166,-4.4398,-4.46836,-4.63743
237.4,-4.57629,-4.5424,-4.48573,-4.55321,-4.55519,-4.51632,-4.54041,-4.70529
237.3,-4.68863,-4.6441,-4.58593,-4.64434,-4.63939,-4.59333,-4.61314,-4.77337
237.2,-4.80244,-4.74707,-4.68684,-4.73664,-4.72444,-4.67099,-4.68633,-4.84146
237.1,-4.91794,-4.85124,-4.78834,-4.82986,-4.81038,-4.74903,-4.75994,-4.90991
237,-5.03521,-4.95687,-4.89063,-4.92399,-4.89731,-4.82757,-4.83424,-4.97868
236.9,-5.15396,-5.06401,-4.99363,-5.01915,-4.98524,-4.90666,-4.90917,-5.0478
236.8,-5.27415,-5.1725,-5.09751,-5.11517,-5.07421,-4.98621,-4.98463,-5.11707
236.7,-5.39586,-5.28215,-5.20229,-5.21214,-5.16421,-5.0661,-5.06049,-5.18655
236.6,-5.51907,-5.39289,-5.30804,-5.30979,-5.25488,-5.14639,-5.13677,-5.25633
236.5,-5.64367,-5.50468,-5.41497,-5.40823,-5.34633,-5.22733,-5.21361,-5.32615
236.4,-5.76962,-5.6176,-5.52295,-5.50767,-5.43836,-5.30894,-5.29071,-5.39622
236.3,-5.89693,-5.73191,-5.63182,-5.6081,-5.53137,-5.39097,-5.36789,-5.4666
236.2,-6.02542,-5.84745,-5.74162,-5.70934,-5.62541,-5.47365,-5.44519,-5.53733
236.1,-6.15505,-5.96438,-5.85232,-5.81148,-5.72056,-5.55709,-5.52268,-5.60822
236,-6.28575,-6.08256,-5.96384,-5.91441,-5.81658,-5.64124,-5.60054,-5.67922
235.9,-6.41744,-6.20194,-6.07624,-6.01815,-5.91361,-5.72575,-5.679,-5.7504
235.8,-6.55016,-6.32258,-6.18956,-6.1228,-6.01179,-5.81075,-5.75816,-5.8218
235.7,-6.6839,-6.44434,-6.30374,-6.22857,-6.111,-5.89632,-5.83772,-5.89378
235.6,-6.81865,-6.56736,-6.41892,-6.3355,-6.2112,-5.98263,-5.91752,-5.96597
235.5,-6.95441,-6.69164,-6.53527,-6.44364,-6.31238,-6.06973,-5.9976,-6.03818
235.4,-7.0911,-6.81706,-6.65255,-6.553,-6.41437,-6.15766,-6.07794,-6.11043
235.3,-7.22864,-6.94356,-6.77053,-6.66364,-6.51733,-6.24625,-6.15867,-6.18284
235.2,-7.36712,-7.07137,-6.88919,-6.77531,-6.62152,-6.3355,-6.23992,-6.25556
235.1,-7.50673,-7.20079,-7.00884,-6.88801,-6.72686,-6.42575,-6.32164,-6.32849
235,-7.64748,-7.3315,-7.12958,-7.00173,-6.83312,-6.51679,-6.40371,-6.40161
234.9,-7.78933,-7.46363,-7.25124,-7.11632,-6.94034,-6.60861,-6.48648,-6.47491
234.8,-7.93238,-7.59708,-7.37384,-7.23187,-7.04876,-6.70108,-6.56963,-6.54846
234.7,-8.07655,-7.73164,-7.49713,-7.34832,-7.158,-6.79417,-6.65296,-6.62217
234.6,-8.22176,-7.86743,-7.62124,-7.46566,-7.26807,-6.88792,-6.73634,-6.69579
234.5,-8.36799,-8.00423,-7.74601,-7.58411,-7.37898,-6.98249,-6.81975,-6.76931
234.4,-8.51504,-8.14212,-7.87146,-7.70367,-7.49045,-7.07774,-6.903,-6.84275
234.3,-8.66291,-8.28111,-7.99774,-7.82398,-7.60257,-7.17361,-6.986,-6.91631
234.2,-8.81155,-8.42122,-8.12488,-7.94467,-7.71537,-7.2701,-7.06865,-6.98978
234.1,-8.96102,-8.5625,-8.25294,-8.06583,-7.82885,-7.36721,-7.15136,-7.06312
234,-9.11106,-8.7046,-8.38211,-8.18736,-7.94291,-7.46489,-7.23424,-7.13646
233.9,-9.26204,-8.84759,-8.51228,-8.30926,-8.05746,-7.563,-7.31729,-7.21002
233.8,-9.41391,-8.99146,-8.64333,-8.43153,-8.17254,-7.66153,-7.40069,-7.28386
233.7,-9.56678,-9.13589,-8.77511,-8.55438,-8.28783,-7.76058,-7.48436,-7.35762
233.6,-9.72072,-9.28096,-8.90766,-8.67753,-8.40307,-7.86016,-7.5684,-7.43159
233.5,-9.87571,-9.42661,-9.04096,-8.8013,-8.51845,-7.96018,-7.65257,-7.50586
233.4,-10.03135,-9.57279,-9.17489,-8.92554,-8.63423,-8.06062,-7.73684,-7.5803
233.3,-10.1875,-9.71974,-9.30919,-9.05021,-8.75037,-8.16148,-7.82127,-7.6549
233.2,-10.34451,-9.86722,-9.44347,-9.1754,-8.86668,-8.26277,-7.90589,-7.72964
233.1,-10.50266,-10.01508,-9.57793,-9.3009,-8.98336,-8.36413,-7.99072,-7.80439
233,-10.66142,-10.1632,-9.71299,-9.42652,-9.10028,-8.46551,-8.07587,-7.87916
232.9,-10.82084,-10.31156,-9.84878,-9.5525,-9.21736,-8.56688,-8.16135,-7.9539
232.8,-10.98109,-10.46023,-9.98529,-9.67902,-9.33445,-8.66831,-8.24729,-8.02866
232.7,-11.14221,-10.60922,-10.12236,-9.80605,-9.45165,-8.76992,-8.33357,-8.10365
232.6,-11.30434,-10.75847,-10.2597,-9.93355,-9.56877,-8.87191,-8.41994,-8.17896
232.5,-11.46742,-10.90783,-10.39713,-10.06111,-9.68593,-8.9742,-8.50626,-8.25449
232.4,-11.63148,-11.05725,-10.53487,-10.18863,-9.80298,-9.07649,-8.59258,-8.32993
232.3,-11.79637,-11.20689,-10.67276,-10.31607,-9.9201,-9.17862,-8.67912,-8.40546
232.2,-11.96187,-11.35663,-10.81072,-10.44337,-10.03712,-9.2806,-8.76588,-8.48109
232.1,-12.12822,-11.50671,-10.94884,-10.57077,-10.15413,-9.38241,-8.85292,-8.55693
232,-12.29542,-11.65697,-11.08716,-10.69807,-10.27122,-9.48389,-8.93993,-8.6332
231.9,-12.46351,-11.80739,-11.22589,-10.82531,-10.38812,-9.58528,-9.02665,-8.70981
231.8,-12.63239,-11.9579,-11.36479,-10.9526,-10.50455,-9.68622,-9.11307,-8.7865
231.7,-12.80159,-12.10837,-11.50368,-11.07987,-10.62087,-9.78674,-9.19921,-8.86316
231.6,-12.97129,-12.25878,-11.64253,-11.20706,-10.73691,-9.88696,-9.28494,-8.93966
231.5,-13.14159,-12.40906,-11.78143,-11.33411,-10.85259,-9.98706,-9.37049,-9.01584
231.4,-13.3124,-12.55908,-11.92027,-11.46103,-10.9681,-10.08692,-9.45591,-9.09151
231.3,-13.48343,-12.70863,-12.05908,-11.58786,-11.08327,-10.18669,-9.54104,-9.16716
231.2,-13.65471,-12.85789,-12.19792,-11.71456,-11.19813,-10.28616,-9.62576,-9.24288
231.1,-13.82646,-13.00679,-12.33676,-11.84114,-11.31286,-10.38507,-9.7106,-9.31874
231,-13.9983,-13.15547,-12.47558,-11.96734,-11.42725,-10.48342,-9.79558,-9.39449
230.9,-14.17032,-13.30377,-12.61406,-12.09347,-11.54113,-10.58145,-9.88075,-9.47004
230.8,-14.34234,-13.4518,-12.75209,-12.21964,-11.65479,-10.67926,-9.9661,-9.5455
230.7,-14.51424,-13.59945,-12.8896,-12.34555,-11.76811,-10.77677,-10.05109,-9.62097
230.6,-14.68596,-13.74662,-13.02664,-12.47137,-11.8811,-10.87379,-10.13571,-9.69635
230.5,-14.85748,-13.89326,-13.16324,-12.59694,-11.99363,-10.97064,-10.22034,-9.77129
230.4,-15.02854,-14.03951,-13.2995,-12.72248,-12.10581,-11.06709,-10.30459,-9.84595
230.3,-15.19906,-14.18535,-13.43537,-12.84824,-12.21784,-11.16312,-10.38845,-9.92032
230.2,-15.36898,-14.33101,-13.57069,-12.97374,-12.32969,-11.25871,-10.47206,-9.99427
230.1,-15.53818,-14.47641,-13.70538,-13.09891,-12.44104,-11.35373,-10.55545,-10.06773
230,-15.70704,-14.62122,-13.83964,-13.22403,-12.55187,-11.44843,-10.63863,-10.14067
229.9,-15.87521,-14.76551,-13.97379,-13.34898,-12.66255,-11.5428,-10.72141,-10.21321
229.8,-16.04225,-14.90963,-14.10767,-13.47372,-12.77303,-11.63688,-10.80383,-10.28527
229.7,-16.20848,-15.05347,-14.24106,-13.59805,-12.88319,-11.73078,-10.88601,-10.35668
229.6,-16.3741,-15.19701,-14.37349,-13.72207,-12.99277,-11.82429,-10.96789,-10.42765
229.5,-16.5388,-15.33994,-14.50475,-13.84562,-13.10171,-11.91756,-11.04909,-10.49831
229.4,-16.70257,-15.48208,-14.63503,-13.96847,-13.21015,-12.01054,-11.12938,-10.56852
229.3,-16.86514,-15.62339,-14.76448,-14.09037,-13.31789,-12.10312,-11.20871,-10.63809
229.2,-17.02624,-15.76397,-14.89332,-14.21152,-13.42513,-12.19507,-11.28742,-10.70679
229.1,-17.18551,-15.90387,-15.0214,-14.33203,-13.53177,-12.28633,-11.36541,-10.77474
229,-17.3433,-16.043,-15.14852,-14.4517,-13.6377,-12.37691,-11.44288,-10.84176
228.9,-17.49963,-16.18125,-15.27465,-14.57051,-13.74303,-12.46678,-11.51978,-10.90812
228.8,-17.65442,-16.31896,-15.39998,-14.68828,-13.84755,-12.55607,-11.59589,-10.97375
228.7,-17.80763,-16.45592,-15.52451,-14.8048,-13.95132,-12.64464,-11.67124,-11.03827
228.6,-17.95916,-16.59169,-15.64805,-14.9204,-14.05422,-12.73275,-11.74605,-11.10171
228.5,-18.10871,-16.7261,-15.77074,-15.03512,-14.15655,-12.82051,-11.8205,-11.16446
228.4,-18.25677,-16.85945,-15.89265,-15.14907,-14.25825,-12.90793,-11.89461,-11.22692
228.3,-18.40301,-16.99168,-16.01367,-15.26226,-14.35918,-12.99477,-11.96839,-11.28904
228.2,-18.54717,-17.12278,-16.13378,-15.37456,-14.45923,-13.08096,-12.04167,-11.35076
228.1,-18.68921,-17.25281,-16.25297,-15.48565,-14.55808,-13.16639,-12.11457,-11.41209
228,-18.82938,-17.38183,-16.37127,-15.5957,-14.65585,-13.251,-12.18719,-11.47293
227.9,-18.96759,-17.50976,-16.4884,-15.70436,-14.75258,-13.33483,-12.25979,-11.53316
227.8,-19.1036,-17.63655,-16.6044,-15.8117,-14.84825,-13.41819,-12.33195,-11.59274
227.7,-19.23784,-17.76181,-16.71891,-15.91829,-14.94282,-13.50116,-12.40352,-11.6519
227.6,-19.37046,-17.88567,-16.832,-16.02391,-15.03644,-13.58354,-12.47434,-11.71076
227.5,-19.50127,-18.00823,-16.94371,-16.12787,-15.12891,-13.66504,-12.5444,-11.76935
227.4,-19.6303,-18.12956,-17.05395,-16.23021,-15.22018,-13.74544,-12.61377,-11.82713
227.3,-19.75737,-18.24944,-17.1628,-16.33075,-15.31022,-13.82459,-12.68281,-11.88422
227.2,-19.88216,-18.36775,-17.27018,-16.42955,-15.39896,-13.90226,-12.75104,-11.94062
227.1,-20.00476,-18.48431,-17.37592,-16.52635,-15.48637,-13.97824,-12.81839,-11.99665
227,-20.12492,-18.59924,-17.48022,-16.62078,-15.57252,-14.05293,-12.88482,-12.05195
226.9,-20.24248,-18.71214,-17.58319,-16.71323,-15.65733,-14.12602,-12.95015,-12.10656
226.8,-20.35766,-18.82305,-17.68496,-16.80374,-15.74068,-14.1977,-13.01428,-12.16038
226.7,-20.47056,-18.93204,-17.78516,-16.8921,-15.82248,-14.26777,-13.07726,-12.2135
226.6,-20.58108,-19.03923,-17.8834,-16.97822,-15.90273,-14.33623,-13.13921,-12.26578
226.5,-20.68931,-19.14448,-17.97964,-17.0622,-15.98166,-14.403,-13.20002,-12.31704
226.4,-20.79521,-19.24783,-18.07381,-17.14385,-16.05903,-14.46799,-13.25955,-12.36777
226.3,-20.89883,-19.3492,-18.16586,-17.22314,-16.13493,-14.53143,-13.31776,-12.41799
226.2,-21.00004,-19.44873,-18.25614,-17.30014,-16.2092,-14.5934,-13.37488,-12.46758
226.1,-21.09875,-19.5464,-18.3446,-17.37517,-16.28176,-14.65353,-13.43108,-12.51646
226,-21.19532,-19.64213,-18.43106,-17.44848,-16.35284,-14.71172,-13.48676,-12.56476
225.9,-21.2899,-19.73608,-18.51565,-17.52021,-16.42238,-14.76808,-13.54171,-12.61243
225.8,-21.38276,-19.82789,-18.59837,-17.59054,-16.49049,-14.82331,-13.59577,-12.65958
225.7,-21.47379,-19.91745,-18.67939,-17.65922,-16.5572,-14.87729,-13.64876,-12.70657
225.6,-21.56305,-20.00498,-18.7586,-17.72615,-16.62245,-14.92999,-13.70056,-12.75301
225.5,-21.65027,-20.09038,-18.83561,-17.79125,-16.68625,-14.98135,-13.75124,-12.79903
225.4,-21.73523,-20.17342,-18.91032,-17.85497,-16.74848,-15.03146,-13.80085,-12.84474
225.3,-21.81791,-20.25432,-18.98316,-17.91722,-16.80945,-15.08004,-13.84927,-12.89005
225.2,-21.89848,-20.33342,-19.05392,-17.97766,-16.86903,-15.12718,-13.89645,-12.93477
225.1,-21.9768,-20.41041,-19.12268,-18.03609,-16.92699,-15.17283,-13.94227,-12.97862
225,-22.05287,-20.48501,-19.18914,-18.09264,-16.98319,-15.21685,-13.98669,-13.02145
224.9,-22.12696,-20.55729,-19.25325,-18.14723,-17.03787,-15.25952,-14.02959,-13.06324
224.8,-22.19895,-20.62717,-19.31505,-18.20001,-17.09119,-15.3006,-14.07057,-13.10401
224.7,-22.26883,-20.69472,-19.37436,-18.25083,-17.14295,-15.34004,-14.10959,-13.14371
224.6,-22.3365,-20.7601,-19.43147,-18.29986,-17.1932,-15.37818,-14.14684,-13.18227
224.5,-22.40211,-20.82299,-19.48641,-18.34717,-17.24161,-15.41504,-14.18234,-13.21984
224.4,-22.46526,-20.88364,-19.53944,-18.39225,-17.2882,-15.45052,-14.21608,-13.25642
224.3,-22.52583,-20.94195,-19.59059,-18.43481,-17.33327,-15.4847,-14.24823,-13.29169
224.2,-22.58398,-20.99791,-19.63979,-18.47546,-17.37656,-15.51763,-14.27892,-13.32537
224.1,-22.63968,-21.05158,-19.68739,-18.51446,-17.41833,-15.54939,-14.30837,-13.3578
224,-22.69322,-21.10292,-19.73343,-18.55212,-17.45845,-15.58012,-14.33627,-13.3889
223.9,-22.7446,-21.15232,-19.77759,-18.58864,-17.49681,-15.60998,-14.36254,-13.41875
223.8,-22.7938,-21.19954,-19.81983,-18.62388,-17.53373,-15.63907,-14.38723,-13.44733
223.7,-22.84098,-21.24441,-19.86019,-18.65788,-17.56884,-15.66774,-14.4105,-13.47465
223.6,-22.88624,-21.2871,-19.89855,-18.69017,-17.60232,-15.69592,-14.43242,-13.50109
223.5,-22.92963,-21.32765,-19.93486,-18.72089,-17.63442,-15.72335,-14.45319,-13.52667
223.4,-22.97075,-21.36586,-19.96887,-18.75027,-17.66525,-15.75023,-14.47309,-13.55142
223.3,-23.00984,-21.40196,-20.00106,-18.77862,-17.69485,-15.77657,-14.49224,-13.57545
223.2,-23.04706,-21.43595,-20.03171,-18.80582,-17.72309,-15.8021,-14.51054,-13.59855
223.1,-23.08218,-21.46788,-20.06106,-18.83182,-17.74989,-15.82693,-14.52782,-13.62092
223,-23.11525,-21.49797,-20.08927,-18.8569,-17.77551,-15.85118,-14.54405,-13.64219
222.9,-23.1466,-21.52596,-20.11622,-18.88114,-17.79999,-15.87475,-14.55938,-13.66228
222.8,-23.17647,-21.55185,-20.14184,-18.90425,-17.82351,-15.89762,-14.57403,-13.68135
222.7,-23.20447,-21.57556,-20.16598,-18.92596,-17.84619,-15.9202,-14.58787,-13.69941
222.6,-23.2306,-21.59713,-20.18853,-18.94631,-17.86761,-15.94219,-14.60104,-13.71617
222.5,-23.25483,-21.61679,-20.20961,-18.96506,-17.8879,-15.9633,-14.61356,-13.73182
222.4,-23.27712,-21.63463,-20.22909,-18.98225,-17.90663,-15.98335,-14.62518,-13.7464
222.3,-23.2972,-21.65078,-20.24694,-18.99831,-17.9238,-16.00245,-14.63604,-13.76033
222.2,-23.31519,-21.66508,-20.2635,-19.01351,-17.93948,-16.02057,-14.64628,-13.77357
222.1,-23.33148,-21.67751,-20.27883,-19.02759,-17.95408,-16.03747,-14.65595,-13.78595
222,-23.34589,-21.68826,-20.29288,-19.04043,-17.96726,-16.05348,-14.66492,-13.79734
221.9,-23.35876,-21.69731,-20.30561,-19.0521,-17.97909,-16.06849,-14.67334,-13.80783
221.8,-23.37006,-21.70492,-20.31673,-19.06287,-17.98967,-16.0825,-14.68118,-13.81713
221.7,-23.37986,-21.71106,-20.32662,-19.07266,-17.9992,-16.09578,-14.68845,-13.82538
221.6,-23.38864,-21.71571,-20.33552,-19.08137,-18.00755,-16.10846,-14.69539,-13.83276
221.5,-23.39602,-21.71897,-20.34314,-19.08914,-18.01466,-16.12045,-14.70237,-13.83944
221.4,-23.40172,-21.72105,-20.34962,-19.09625,-18.02062,-16.13174,-14.70933,-13.84557
221.3,-23.40593,-21.72186,-20.35498,-19.10251,-18.0254,-16.14215,-14.71615,-13.8516
221.2,-23.40865,-21.72165,-20.35905,-19.10791,-18.02929,-16.15151,-14.72276,-13.85725
221.1,-23.41002,-21.72058,-20.36202,-19.11258,-18.03247,-16.15983,-14.72939,-13.86239
221,-23.41017,-21.71867,-20.36379,-19.11669,-18.0348,-16.16738,-14.7359,-13.86696
220.9,-23.40913,-21.71605,-20.36444,-19.12031,-18.03659,-16.17408,-14.74231,-13.87149
220.8,-23.40671,-21.7126,-20.36378,-19.12354,-18.03771,-16.17972,-14.74853,-13.87609
220.7,-23.40293,-21.70814,-20.36167,-19.12616,-18.03783,-16.18473,-14.75445,-13.88071
220.6,-23.39812,-21.70276,-20.35832,-19.12813,-18.03727,-16.1888,-14.76069,-13.88511
220.5,-23.39205,-21.69685,-20.35417,-19.12936,-18.03593,-16.19217,-14.76699,-13.88937
220.4,-23.38477,-21.69031,-20.34943,-19.12996,-18.03388,-16.19436,-14.77324,-13.8935
220.3,-23.37626,-21.6831,-20.34378,-19.13043,-18.03127,-16.19548,-14.77965,-13.89747
220.2,-23.36661,-21.67527,-20.337,-19.13029,-18.02809,-16.19546,-14.78605,-13.90118
220.1,-23.35618,-21.66676,-20.32959,-19.12965,-18.02455,-16.19457,-14.79251,-13.90464
220,-23.34492,-21.65754,-20.32178,-19.12846,-18.02033,-16.19305,-14.79876,-13.90758
219.9,-23.33267,-21.64744,-20.31332,-19.12642,-18.01552,-16.19091,-14.80463,-13.9107
219.8,-23.31938,-21.6365,-20.3038,-19.12369,-18.00984,-16.18809,-14.81048,-13.91404
219.7,-23.30497,-21.62441,-20.29318,-19.12005,-18.00323,-16.18444,-14.81637,-13.91768
219.6,-23.28921,-21.61132,-20.28119,-19.11528,-17.99581,-16.17997,-14.8221,-13.92164
219.5,-23.27175,-21.59737,-20.26811,-19.10935,-17.98738,-16.17497,-14.82763,-13.92536
219.4,-23.25314,-21.58295,-20.25455,-19.10264,-17.9778,-16.16907,-14.83285,-13.92878
219.3,-23.23336,-21.56809,-20.24066,-19.09525,-17.96736,-16.16211,-14.83795,-13.93215
219.2,-23.21243,-21.55281,-20.22616,-19.08725,-17.95642,-16.15415,-14.84295,-13.9354
219.1,-23.1905,-21.53717,-20.21069,-19.07883,-17.94461,-16.1456,-14.84793,-13.93851
219,-23.16815,-21.52098,-20.19443,-19.06958,-17.93237,-16.13635,-14.8532,-13.94135
218.9,-23.14505,-21.50415,-20.1777,-19.05929,-17.91976,-16.12675,-14.85844,-13.9439
218.8,-23.12113,-21.48714,-20.16027,-19.04817,-17.90675,-16.11693,-14.8635,-13.94667
218.7,-23.09638,-21.46932,-20.14195,-19.03629,-17.89349,-16.10691,-14.86863,-13.94938
218.6,-23.07066,-21.45076,-20.12275,-19.02395,-17.88002,-16.09687,-14.87366,-13.9523
218.5,-23.0439,-21.43188,-20.10302,-19.01112,-17.86637,-16.08653,-14.87862,-13.95564
218.4,-23.01631,-21.4127,-20.08284,-18.9976,-17.85233,-16.07568,-14.88335,-13.95911
218.3,-22.98754,-21.39304,-20.06205,-18.98337,-17.83799,-16.06436,-14.88775,-13.96257
218.2,-22.958,-21.37282,-20.04067,-18.96844,-17.82332,-16.05273,-14.89157,-13.9661
218.1,-22.92786,-21.35178,-20.01908,-18.953,-17.80831,-16.04089,-14.89512,-13.96975
218,-22.89723,-21.32966,-19.99707,-18.93686,-17.79321,-16.02893,-14.89837,-13.9737
217.9,-22.86587,-21.30641,-19.9745,-18.9197,-17.77813,-16.01696,-14.90162,-13.9776
217.8,-22.83397,-21.28194,-19.95127,-18.90225,-17.76277,-16.0051,-14.90477,-13.98158
217.7,-22.80179,-21.25641,-19.92733,-18.88445,-17.74706,-15.99301,-14.90765,-13.98604
217.6,-22.76872,-21.23007,-19.90306,-18.86576,-17.73093,-15.98086,-14.9104,-13.99039
217.5,-22.7349,-21.20303,-19.87828,-18.84574,-17.71465,-15.96901,-14.91295,-13.99427
217.4,-22.70062,-21.17512,-19.85308,-18.82497,-17.69821,-15.95731,-14.91548,-13.99778
217.3,-22.66543,-21.14639,-19.82772,-18.80345,-17.6818,-15.94583,-14.91785,-14.00131
217.2,-22.62978,-21.11678,-19.80194,-18.78165,-17.66565,-15.93442,-14.91998,-14.00466
217.1,-22.59352,-21.08649,-19.77573,-18.7595,-17.64996,-15.92317,-14.92215,-14.00802
217,-22.55654,-21.05599,-19.74919,-18.73693,-17.63482,-15.91223,-14.92421,-14.01132
216.9,-22.51901,-21.02523,-19.72293,-18.71441,-17.61983,-15.90168,-14.92641,-14.01449
216.8,-22.48122,-20.99445,-19.69671,-18.69171,-17.60447,-15.89178,-14.92867,-14.0173
216.7,-22.44335,-20.96353,-19.66986,-18.66874,-17.5892,-15.88216,-14.93102,-14.02015
216.6,-22.40545,-20.93278,-19.64243,-18.64585,-17.574,-15.873,-14.93345,-14.02279
216.5,-22.36786,-20.9023,-19.61494,-18.62312,-17.5587,-15.8646,-14.93626,-14.02506
216.4,-22.33034,-20.87227,-19.58763,-18.60089,-17.54333,-15.85715,-14.93943,-14.02753
216.3,-22.29322,-20.84225,-19.56056,-18.57961,-17.52803,-15.85059,-14.9427,-14.03036
216.2,-22.25659,-20.81254,-19.53386,-18.55968,-17.51334,-15.84472,-14.9462,-14.03351
216.1,-22.22052,-20.78292,-19.50737,-18.54082,-17.49947,-15.83954,-14.95017,-14.03711
216,-22.18516,-20.75343,-19.48086,-18.52273,-17.48666,-15.83561,-14.9547,-14.0413
215.9,-22.15076,-20.72406,-19.45441,-18.50551,-17.47475,-15.83294,-14.95941,-14.04662
215.8,-22.11727,-20.6949,-19.42852,-18.48916,-17.46394,-15.83149,-14.96448,-14.05294
215.7,-22.08429,-20.66601,-19.40322,-18.47386,-17.4544,-15.83099,-14.96977,-14.05996
215.6,-22.05201,-20.63763,-19.37862,-18.4599,-17.44576,-15.83122,-14.97541,-14.06744
215.5,-22.02032,-20.60951,-19.35496,-18.44723,-17.43796,-15.83219,-14.98171,-14.07531
215.4,-21.98941,-20.58179,-19.33248,-18.43592,-17.43077,-15.8343,-14.98889,-14.08383
215.3,-21.95979,-20.55538,-19.31112,-18.42574,-17.42462,-15.83731,-14.99693,-14.09314
215.2,-21.93157,-20.53034,-19.29058,-18.41679,-17.41929,-15.84128,-15.00587,-14.10318
215.1,-21.90438,-20.50656,-19.27116,-18.40915,-17.41495,-15.84634,-15.01581,-14.11435
215,-21.87851,-20.48423,-19.25303,-18.40317,-17.41169,-15.8528,-15.02716,-14.12705
214.9,-21.85396,-20.4635,-19.23652,-18.39898,-17.40992,-15.86077,-15.03996,-14.14126
214.8,-21.83062,-20.44463,-19.22168,-18.39654,-17.41002,-15.87011,-15.05455,-14.15698
214.7,-21.80919,-20.42805,-19.20858,-18.39599,-17.41165,-15.88115,-15.07075,-14.17392
214.6,-21.78961,-20.41394,-19.19761,-18.3976,-17.41483,-15.89439,-15.08845,-14.19198
214.5,-21.77211,-20.40267,-19.18884,-18.40131,-17.41989,-15.91,-15.10757,-14.21147
214.4,-21.75643,-20.39435,-19.18254,-18.40721,-17.42688,-15.92787,-15.12818,-14.23211
214.3,-21.7431,-20.38876,-19.17863,-18.41593,-17.43624,-15.94822,-15.15051,-14.25409
214.2,-21.73266,-20.38614,-19.17701,-18.42793,-17.44771,-15.97059,-15.17492,-14.27801
214.1,-21.72474,-20.38639,-19.17834,-18.44305,-17.4617,-15.99495,-15.20146,-14.30398
214,-21.7197,-20.38949,-19.18232,-18.46114,-17.47822,-16.02178,-15.22966,-14.33202
213.9,-21.71756,-20.39574,-19.18924,-18.48202,-17.49721,-16.05141,-15.25972,-14.36259
213.8,-21.71865,-20.40509,-19.19936,-18.50539,-17.51894,-16.08395,-15.29175,-14.39562
213.7,-21.72377,-20.41758,-19.21256,-18.53163,-17.54335,-16.11937,-15.3259,-14.43126
213.6,-21.73245,-20.43351,-19.22874,-18.56046,-17.57098,-16.15766,-15.36224,-14.4692
213.5,-21.7447,-20.45261,-19.24801,-18.59223,-17.60216,-16.19883,-15.40112,-14.51001
213.4,-21.76011,-20.47553,-19.27085,-18.62748,-17.63677,-16.24303,-15.44258,-14.55353
213.3,-21.7787,-20.50269,-19.29824,-18.66635,-17.67493,-16.28987,-15.48653,-14.59949
213.2,-21.80067,-20.53337,-19.3299,-18.70845,-17.7165,-16.33978,-15.53295,-14.64829
213.1,-21.82668,-20.5675,-19.36581,-18.75392,-17.76195,-16.39264,-15.58202,-14.69995
213,-21.85698,-20.60525,-19.40596,-18.80289,-17.81142,-16.44854,-15.63417,-14.75362
212.9,-21.8912,-20.64639,-19.45,-18.85497,-17.86477,-16.50776,-15.68948,-14.80998
212.8,-21.92925,-20.69147,-19.49759,-18.91028,-17.92167,-16.57,-15.74763,-14.86946
212.7,-21.97091,-20.74067,-19.54928,-18.96916,-17.98174,-16.63547,-15.80848,-14.93181
212.6,-22.01637,-20.79396,-19.6055,-19.03162,-18.04505,-16.70397,-15.87218,-14.997
212.5,-22.06596,-20.85131,-19.66638,-19.09722,-18.11175,-16.77516,-15.93872,-15.0652
212.4,-22.11955,-20.91286,-19.73174,-19.16634,-18.18213,-16.84891,-16.00815,-15.13691
212.3,-22.17749,-20.97879,-19.80141,-19.23925,-18.25634,-16.9256,-16.081,-15.2121
212.2,-22.2398,-21.04911,-19.87546,-19.31561,-18.33491,-17.00585,-16.15689,-15.29046
212.1,-22.30683,-21.12374,-19.95353,-19.39575,-18.41789,-17.08958,-16.23549,-15.37206
212,-22.37871,-21.20294,-20.03619,-19.47968,-18.50494,-17.17688,-16.31689,-15.45735
211.9,-22.45514,-21.28628,-20.12366,-19.56699,-18.59626,-17.26778,-16.40132,-15.5465
211.8,-22.53612,-21.37329,-20.21563,-19.65765,-18.69174,-17.36257,-16.48865,-15.63925
211.7,-22.62175,-21.46402,-20.31224,-19.75172,-18.79183,-17.46102,-16.57935,-15.73567
211.6,-22.71192,-21.55895,-20.4132,-19.84943,-18.89652,-17.56318,-16.67325,-15.83608
211.5,-22.80645,-21.65808,-20.51825,-19.95101,-19.00512,-17.66909,-16.76997,-15.94023
211.4,-22.90507,-21.76155,-20.62751,-20.05638,-19.11785,-17.77822,-16.86953,-16.04737
211.3,-23.00784,-21.86899,-20.74071,-20.16547,-19.23493,-17.89014,-16.97179,-16.15805
211.2,-23.11466,-21.98026,-20.85767,-20.27867,-19.35579,-18.00488,-17.07681,-16.27177
211.1,-23.22555,-22.09532,-20.97871,-20.39537,-19.4803,-18.1228,-17.18529,-16.38889
211,-23.34039,-22.21376,-21.10342,-20.51507,-19.6086,-18.2437,-17.29726,-16.50963
210.9,-23.45905,-22.33566,-21.2317,-20.63761,-19.74029,-18.36764,-17.41197,-16.63373
210.8,-23.58128,-22.46085,-21.36263,-20.76325,-19.87494,-18.49456,-17.52912,-16.76045
210.7,-23.70699,-22.58909,-21.49625,-20.89161,-20.013,-18.62431,-17.64914,-16.8896
210.6,-23.83622,-22.72002,-21.63284,-21.0227,-20.15451,-18.75662,-17.77232,-17.02161
210.5,-23.9686,-22.85378,-21.77214,-21.15644,-20.29927,-18.89189,-17.89792,-17.15627
210.4,-24.10401,-22.99046,-21.91441,-21.29291,-20.4475,-19.03027,-18.02659,-17.29327
210.3,-24.24245,-23.13005,-22.05992,-21.43208,-20.59836,-19.17128,-18.15817,-17.43319
210.2,-24.38384,-23.27256,-22.20848,-21.57384,-20.7517,-19.31485,-18.29211,-17.57592
210.1,-24.52781,-23.4171,-22.36037,-21.71831,-20.9075,-19.461,-18.42854,-17.72124
210,-24.67485,-23.56319,-22.51488,-21.86569,-21.06507,-19.6095,-18.56788,-17.8694
209.9,-24.82412,-23.71126,-22.67183,-22.01531,-21.22497,-19.76025,-18.71021,-18.02043
209.8,-24.97509,-23.86159,-22.83052,-22.16708,-21.3863,-19.91313,-18.85561,-18.17363
209.7,-25.12784,-24.01403,-22.99069,-22.3206,-21.54945,-20.06802,-19.0036,-18.32893
209.6,-25.28303,-24.16926,-23.15251,-22.47583,-21.7142,-20.2251,-19.15426,-18.48641
209.5,-25.44059,-24.32716,-23.31636,-22.63268,-21.88036,-20.38427,-19.3074,-18.64544
209.4,-25.60063,-24.48723,-23.48168,-22.79087,-22.04831,-20.54584,-19.46359,-18.80587
209.3,-25.76212,-24.64885,-23.64771,-22.95015,-22.21805,-20.70846,-19.62221,-18.96779
209.2,-25.92399,-24.8117,-23.81345,-23.11081,-22.38879,-20.87233,-19.78273,-19.13127
209.1,-26.08629,-24.97532,-23.97907,-23.27242,-22.56023,-21.03773,-19.94549,-19.29602
209,-26.24863,-25.13907,-24.14457,-23.43464,-22.7328,-21.20506,-20.10998,-19.46156
208.9,-26.41094,-25.30313,-24.31004,-23.5977,-22.90554,-21.37368,-20.27595,-19.62829
208.8,-26.57295,-25.46701,-24.47516,-23.76149,-23.07828,-21.54282,-20.44305,-19.79614
208.7,-26.73384,-25.62982,-24.64026,-23.92556,-23.25092,-21.71183,-20.61106,-19.9639
208.6,-26.89357,-25.7916,-24.8046,-24.08967,-23.42362,-21.88033,-20.78,-20.13153
208.5,-27.05192,-25.95223,-24.96829,-24.25433,-23.59522,-22.04868,-20.94967,-20.2989
208.4,-27.20904,-26.11167,-25.13135,-24.41853,-23.76499,-22.21614,-21.11911,-20.46607
208.3,-27.36463,-26.26893,-25.2934,-24.58144,-23.93258,-22.38246,-21.28846,-20.63301
208.2,-27.5182,-26.42367,-25.45361,-24.74222,-24.09855,-22.54779,-21.45789,-20.79861
208.1,-27.66972,-26.57591,-25.6113,-24.90055,-24.26385,-22.71217,-21.62674,-20.96326
208,-27.81851,-26.72554,-25.76619,-25.05668,-24.42831,-22.87568,-21.79505,-21.12646
207.9,-27.96418,-26.87177,-25.91768,-25.21026,-24.59125,-23.03829,-21.96318,-21.28791
207.8,-28.10673,-27.01414,-26.06609,-25.36172,-24.75266,-23.20004,-22.12972,-21.44763
207.7,-28.24584,-27.15359,-26.21138,-25.51054,-24.91254,-23.36025,-22.29423,-21.60584
207.6,-28.38113,-27.28964,-26.35405,-25.65583,-25.07052,-23.51887,-22.45763,-21.76178
207.5,-28.51279,-27.42176,-26.49474,-25.7977,-25.2269,-23.67514,-22.61995,-21.91615
207.4,-28.64074,-27.54968,-26.63379,-25.93689,-25.38085,-23.82933,-22.78101,-22.06899
207.3,-28.76449,-27.67324,-26.77041,-26.07372,-25.53263,-23.98135,-22.93999,-22.21925
207.2,-28.88361,-27.79281,-26.9041,-26.20836,-25.68185,-24.1307,-23.097,-22.36733
207.1,-28.99763,-27.90819,-27.03322,-26.3408,-25.82696,-24.27686,-23.25121,-22.513
207,-29.10597,-28.01895,-27.15686,-26.47002,-25.96748,-24.42008,-23.40236,-22.65601
206.9,-29.20803,-28.12437,-27.27568,-26.59527,-26.10402,-24.56081,-23.5507,-22.79528
206.8,-29.30445,-28.22447,-27.38878,-26.71642,-26.23534,-24.69768,-23.6957,-22.93071
206.7,-29.39432,-28.31911,-27.49587,-26.8324,-26.36218,-24.83167,-23.83686,-23.06219
206.6,-29.47801,-28.40749,-27.59751,-26.94331,-26.48382,-24.96271,-23.97381,-23.18957
206.5,-29.55451,-28.48921,-27.69365,-27.0486,-26.60067,-25.0897,-24.10546,-23.3131
206.4,-29.62288,-28.5634,-27.78415,-27.14767,-26.7129,-25.21224,-24.23317,-23.43318
206.3,-29.6832,-28.62994,-27.86879,-27.24067,-26.81945,-25.33054,-24.35665,-23.54947
206.2,-29.73522,-28.68848,-27.94766,-27.32687,-26.9206,-25.44526,-24.4759,-23.66236
206.1,-29.77783,-28.73826,-28.01955,-27.40613,-27.01618,-25.55503,-24.59048,-23.77221
206,-29.81052,-28.77992,-28.08454,-27.4784,-27.10507,-25.6605,-24.70027,-23.87859
205.9,-29.83509,-28.81252,-28.14284,-27.54351,-27.18781,-25.7611,-24.80627,-23.9807
205.8,-29.85063,-28.83683,-28.19378,-27.601,-27.26366,-25.85771,-24.90731,-24.07765
205.7,-29.85741,-28.85228,-28.23773,-27.65117,-27.33256,-25.94851,-25.00314,-24.16978
205.6,-29.85575,-28.85972,-28.27474,-27.6949,-27.39337,-26.03328,-25.09434,-24.25788
205.5,-29.84466,-28.85987,-28.30434,-27.73186,-27.4473,-26.11181,-25.1804,-24.34144
205.4,-29.82396,-28.85302,-28.32573,-27.76053,-27.49353,-26.18377,-25.2611,-24.42069
205.3,-29.79255,-28.83855,-28.33831,-27.78179,-27.53195,-26.2498,-25.33563,-24.49521
205.2,-29.74997,-28.81552,-28.34189,-27.79541,-27.56285,-26.31004,-25.40318,-24.56359
205.1,-29.69573,-28.78338,-28.33714,-27.80053,-27.58619,-26.36288,-25.4652,-24.62667
205,-29.6303,-28.74223,-28.32262,-27.79838,-27.60103,-26.40983,-25.52185,-24.68379
204.9,-29.55422,-28.69234,-28.29938,-27.78936,-27.60836,-26.44998,-25.57244,-24.73479
204.8,-29.46681,-28.63351,-28.26906,-27.7723,-27.6074,-26.48425,-25.61686,-24.78154
204.7,-29.36929,-28.56646,-28.23055,-27.74749,-27.59582,-26.51199,-25.65524,-24.82413
204.6,-29.26152,-28.49036,-28.18419,-27.71393,-27.57477,-26.53317,-25.68678,-24.86308
204.5,-29.14391,-28.40611,-28.1283,-27.67152,-27.54414,-26.54734,-25.71198,-24.89937
204.4,-29.01598,-28.31258,-28.06292,-27.62112,-27.50513,-26.554,-25.7303,-24.93152
204.3,-28.87729,-28.21028,-27.98806,-27.56413,-27.45837,-26.55378,-25.74219,-24.9594
204.2,-28.72862,-28.09985,-27.90409,-27.50051,-27.40273,-26.54725,-25.74677,-24.98285
204.1,-28.56996,-27.98035,-27.8105,-27.42836,-27.33812,-26.53375,-25.74365,-24.99998
204,-28.40021,-27.85179,-27.70711,-27.3477,-27.26299,-26.5128,-25.73346,-25.01139
203.9,-28.21931,-27.71539,-27.59296,-27.25843,-27.17645,-26.48358,-25.71652,-25.0177
203.8,-28.02849,-27.57195,-27.46889,-27.15908,-27.0804,-26.44543,-25.69263,-25.01786
203.7,-27.82676,-27.42004,-27.33613,-27.05012,-26.97474,-26.39837,-25.66159,-25.01256
203.6,-27.61389,-27.2577,-27.1941,-26.93206,-26.85944,-26.34246,-25.62324,-25.00155
203.5,-27.38942,-27.085,-27.0424,-26.80659,-26.73414,-26.27775,-25.57769,-24.98388
203.4,-27.1542,-26.9031,-26.88098,-26.67365,-26.60113,-26.20499,-25.52618,-24.95968
203.3,-26.90939,-26.71215,-26.70923,-26.53209,-26.46053,-26.12436,-25.46864,-24.92843
203.2,-26.65445,-26.5127,-26.52796,-26.38332,-26.3118,-26.03596,-25.40463,-24.89188
203.1,-26.38957,-26.30615,-26.33746,-26.22692,-26.15233,-25.93949,-25.33375,-24.85011
203,-26.11403,-26.09188,-26.13793,-26.06275,-25.98348,-25.83423,-25.25273,-24.80354
202.9,-25.82875,-25.86959,-25.928,-25.89289,-25.80538,-25.71928,-25.16196,-24.75057
202.8,-25.53347,-25.63923,-25.70967,-25.71805,-25.61789,-25.59461,-25.06341,-24.69044
202.7,-25.23061,-25.40043,-25.48328,-25.53779,-25.42333,-25.46045,-24.95682,-24.62406
202.6,-24.91879,-25.1539,-25.24932,-25.34898,-25.22286,-25.31798,-24.84212,-24.55096
202.5,-24.59834,-24.9007,-25.00881,-25.15161,-25.01499,-25.16721,-24.7214,-24.47272
202.4,-24.26921,-24.64133,-24.75986,-24.94733,-24.80015,-25.00863,-24.59489,-24.38839
202.3,-23.93192,-24.37611,-24.50362,-24.73444,-24.57944,-24.84435,-24.46177,-24.29701
202.2,-23.58557,-24.10236,-24.24056,-24.5122,-24.35261,-24.67365,-24.32234,-24.19912
202.1,-23.23272,-23.81784,-23.96859,-24.28089,-24.12003,-24.49695,-24.17916,-24.09683
202,-22.87455,-23.52428,-23.68762,-24.04114,-23.88317,-24.31419,-24.03183,-23.9909
201.9,-22.51015,-23.22186,-23.39732,-23.79282,-23.63984,-24.12504,-23.88054,-23.88103
201.8,-22.14004,-22.91109,-23.09961,-23.53721,-23.38992,-23.92851,-23.72439,-23.76749
201.7,-21.76331,-22.59204,-22.79642,-23.27293,-23.13479,-23.72443,-23.56315,-23.64822
201.6,-21.37829,-22.26459,-22.48531,-22.99894,-22.87378,-23.5139,-23.39696,-23.52617
201.5,-20.9868,-21.92933,-22.16382,-22.71844,-22.60772,-23.29709,-23.22751,-23.39717
201.4,-20.58774,-21.58374,-21.83081,-22.43264,-22.33679,-23.0747,-23.05035,-23.26033
201.3,-20.18162,-21.2286,-21.48758,-22.1405,-22.05892,-22.84633,-22.86603,-23.11597
201.2,-19.7677,-20.86389,-21.13794,-21.84153,-21.77382,-22.61052,-22.67561,-22.96356
201.1,-19.346,-20.49054,-20.78266,-21.53471,-21.48302,-22.3681,-22.47943,-22.80398
201,-18.91806,-20.1071,-20.41965,-21.22024,-21.18523,-22.11768,-22.27737,-22.63901
200.9,-18.47995,-19.71401,-20.04789,-20.89786,-20.8813,-21.86099,-22.06875,-22.46631
200.8,-18.03247,-19.31148,-19.66785,-20.56799,-20.57457,-21.59734,-21.85408,-22.28854
200.7,-17.57828,-18.9012,-19.28086,-20.23099,-20.2641,-21.32724,-21.63103,-22.1061
200.6,-17.11647,-18.48133,-18.88925,-19.88337,-19.94877,-21.05287,-21.40221,-21.91705
200.5,-16.64486,-18.04947,-18.49255,-19.52421,-19.6292,-20.77547,-21.16768,-21.72303
200.4,-16.16475,-17.6044,-18.08762,-19.15527,-19.30657,-20.49221,-20.92922,-21.52375
200.3,-15.67881,-17.14692,-17.67448,-18.7796,-18.97826,-20.20009,-20.68666,-21.31793
200.2,-15.18587,-16.67946,-17.24966,-18.39626,-18.64475,-19.90049,-20.44042,-21.10402
200.1,-14.6843,-16.20149,-16.81544,-18.00519,-18.30484,-19.59535,-20.19085,-20.88409
200,-14.17464,-15.71573,-16.37447,-17.60793,-17.96094,-19.28509,-19.9376,-20.66165
199.9,-13.65668,-15.22001,-15.92825,-17.20379,-17.61011,-18.9692,-19.68483,-20.43684
199.8,-13.13162,-14.71502,-15.4725,-16.7926,-17.25292,-18.64675,-19.43088,-20.2059
199.7,-12.60095,-14.20173,-15.0072,-16.3743,-16.89184,-18.31869,-19.17459,-19.9665
199.6,-12.06522,-13.67922,-14.53413,-15.94701,-16.52641,-17.98613,-18.91531,-19.72121
199.5,-11.52405,-13.14657,-14.05145,-15.50807,-16.15506,-17.64923,-18.65163,-19.47232
199.4,-10.97387,-12.60167,-13.56283,-15.06008,-15.77637,-17.30934,-18.38366,-19.21942
199.3,-10.41363,-12.04917,-13.06316,-14.60459,-15.38959,-16.96566,-18.1114,-18.96198
199.2,-9.84479,-11.48737,-12.55147,-14.14326,-14.99572,-16.62023,-17.83368,-18.69705
199.1,-9.26661,-10.91507,-12.03066,-13.67296,-14.59499,-16.27092,-17.54748,-18.42722
199,-8.68026,-10.32983,-11.50288,-13.1928,-14.18838,-15.91694,-17.25495,-18.1582
198.9,-8.08701,-9.73605,-10.96768,-12.70511,-13.77639,-15.55712,-16.95922,-17.88681
198.8,-7.48481,-9.13653,-10.42481,-12.21224,-13.35717,-15.1911,-16.65804,-17.61128
198.7,-6.87015,-8.53044,-9.87616,-11.71356,-12.92897,-14.82107,-16.35102,-17.32983
198.6,-6.24208,-7.91751,-9.32156,-11.2073,-12.49345,-14.44714,-16.0376,-17.04267
198.5,-5.6031,-7.29702,-8.75841,-10.69286,-12.05159,-14.07364,-15.72003,-16.74858
198.4,-4.9521,-6.6719,-8.18492,-10.16842,-11.60495,-13.69678,-15.39737,-16.45245
198.3,-4.28951,-6.03993,-7.60621,-9.63866,-11.15449,-13.31688,-15.0696,-16.15431
198.2,-3.61924,-5.40387,-7.02318,-9.10598,-10.69732,-12.937,-14.73399,-15.8538
198.1,-2.94318,-4.76421,-6.43619,-8.56772,-10.23349,-12.55383,-14.3933,-15.55297
198,-2.26019,-4.12217,-5.84681,-8.02224,-9.76147,-12.16586,-14.05024,-15.24783
197.9,-1.56808,-3.47791,-5.25264,-7.47128,-9.28432,-11.77509,-13.70511,-14.93856
197.8,-0.86592,-2.82968,-4.65707,-6.91743,-8.80257,-11.37972,-13.35897,-14.62694
197.7,-0.15329,-2.17982,-4.06181,-6.35937,-8.31746,-10.97963,-13.01052,-14.3097
197.6,0.56448,-1.52742,-3.46479,-5.79747,-7.82803,-10.57572,-12.65952,-13.98981
197.5,1.28764,-0.87137,-2.86772,-5.23437,-7.33353,-10.16655,-12.30327,-13.66844
197.4,2.01746,-0.21394,-2.2674,-4.67172,-6.83218,-9.75456,-11.9425,-13.34384
197.3,2.75066,0.4436,-1.6642,-4.11017,-6.32548,-9.33922,-11.57773,-13.01876
197.2,3.48348,1.10076,-1.05818,-3.55214,-5.81255,-8.92035,-11.20835,-12.69722
197.1,4.21769,1.75892,-0.45217,-2.99767,-5.29219,-8.49762,-10.83756,-12.37651
197,4.95408,2.41636,0.15233,-2.44026,-4.76918,-8.07377,-10.46435,-12.05707
196.9,5.69408,3.07028,0.7489,-1.88091,-4.24631,-7.64931,-10.08855,-11.73976
196.8,6.43737,3.71957,1.33524,-1.32143,-3.72357,-7.22408,-9.70891,-11.42473
196.7,7.18561,4.3673,1.91551,-0.76164,-3.19869,-6.79972,-9.3275,-11.10782
196.6,7.93962,5.01203,2.49747,-0.19952,-2.67703,-6.37592,-8.943,-10.78638
196.5,8.69626,5.65505,3.078,0.36585,-2.16031,-5.95573,-8.55487,-10.46568
196.4,9.45634,6.2942,3.65529,0.93027,-1.64868,-5.53957,-8.16609,-10.14777
196.3,10.21752,6.9288,4.22666,1.48966,-1.13839,-5.12433,-7.77834,-9.83255
196.2,10.97917,7.5551,4.78888,2.04343,-0.63005,-4.70827,-7.39216,-9.51828
196.1,11.74046,8.17138,5.34875,2.59108,-0.12712,-4.29037,-7.00771,-9.20506
196,12.49692,8.7767,5.90225,3.13402,0.37387,-3.87345,-6.62643,-8.89557
195.9,13.2469,9.37356,6.44636,3.66925,0.87314,-3.45533,-6.24556,-8.58658
195.8,13.99256,9.96226,6.98138,4.19509,1.36679,-3.03656,-5.86855,-8.27996
195.7,14.7337,10.54008,7.50959,4.71071,1.85408,-2.61479,-5.4957,-7.97025
195.6,15.46907,11.10878,8.03065,5.21378,2.33481,-2.19054,-5.12317,-7.65639
195.5,16.19871,11.67121,8.54505,5.70842,2.8086,-1.76422,-4.75044,-7.3406
195.4,16.92112,12.22695,9.05368,6.19847,3.2766,-1.33526,-4.37851,-7.02512
195.3,17.63124,12.77435,9.55471,6.67647,3.73718,-0.90501,-4.00769,-6.70972
195.2,18.32844,13.3155,10.04511,7.14342,4.1917,-0.47178,-3.63929,-6.39808
195.1,19.01323,13.84777,10.52587,7.59719,4.63786,-0.03881,-3.2741,-6.09337
195,19.6809,14.37012,11.00153,8.03866,5.07685,0.39263,-2.91258,-5.79152
194.9,20.33239,14.88085,11.47035,8.4714,5.50663,0.82314,-2.5566,-5.49209
194.8,20.97031,15.38299,11.92846,8.89277,5.92794,1.25095,-2.20637,-5.19388
194.7,21.59054,15.87582,12.37649,9.30076,6.33521,1.67324,-1.86421,-4.90099
194.6,22.18981,16.35941,12.81132,9.69421,6.73104,2.0916,-1.52788,-4.61476
194.5,22.76403,16.8316,13.23761,10.0751,7.11766,2.50186,-1.19644,-4.33216
194.4,23.31316,17.29261,13.653,10.44345,7.49719,2.90309,-0.86962,-4.05256
194.3,23.83791,17.74402,14.05778,10.79741,7.86851,3.29728,-0.54828,-3.77546
194.2,24.34072,18.18365,14.4532,11.14174,8.23226,3.68258,-0.23495,-3.50112
194.1,24.82403,18.61628,14.83703,11.47761,8.5877,4.05969,0.06885,-3.22891
194,25.29027,19.04087,15.20898,11.80193,8.93146,4.42897,0.36459,-2.96165
193.9,25.74115,19.4549,15.57043,12.11535,9.26312,4.79067,0.65523,-2.70098
193.8,26.17277,19.85295,15.91953,12.4193,9.58157,5.14518,0.94134,-2.44622
193.7,26.5809,20.2341,16.26015,12.7071,9.8885,5.48636,1.22396,-2.19736
193.6,26.96292,20.59819,16.59773,12.97508,10.18405,5.81456,1.50233,-1.95961
193.5,27.31564,20.94734,16.93265,13.22599,10.46575,6.13629,1.77192,-1.73117
193.4,27.64054,21.27786,17.26312,13.46278,10.73149,6.45282,2.0377,-1.50906
193.3,27.93843,21.59241,17.58209,13.68107,10.98925,6.76739,2.30379,-1.2952
193.2,28.21218,21.88863,17.88543,13.87833,11.24085,7.08157,2.57165,-1.09127
193.1,28.46303,22.17437,18.17325,14.06176,11.48668,7.38908,2.83807,-0.89659
193,28.69411,22.45244,18.44638,14.23134,11.72174,7.69389,3.10001,-0.70854
192.9,28.90548,22.72211,18.7098,14.38802,11.94587,7.99209,3.3531,-0.5253
192.8,29.09545,22.98433,18.95863,14.5343,12.15644,8.28152,3.59554,-0.34801
192.7,29.26362,23.23554,19.19548,14.67169,12.35293,8.56064,3.83386,-0.17815
192.6,29.41406,23.47562,19.42259,14.80386,12.53258,8.8302,4.06575,-0.01877
192.5,29.53954,23.70043,19.63686,14.93451,12.70115,9.0857,4.28848,0.12939
192.4,29.64,23.91095,19.84271,15.0565,12.86039,9.32607,4.5054,0.27204
192.3,29.72127,24.11043,20.03858,15.17352,13.01061,9.54913,4.71442,0.4081
192.2,29.78716,24.30035,20.22619,15.28814,13.15276,9.75694,4.91525,0.53887
192.1,29.83091,24.47575,20.40472,15.39511,13.28069,9.94962,5.1086,0.67144
192,29.85533,24.63324,20.57018,15.4961,13.39513,10.12506,5.29386,0.80046
191.9,29.86623,24.77474,20.72197,15.5954,13.49833,10.28475,5.47387,0.91976
191.8,29.86047,24.9015,20.86362,15.68671,13.58682,10.42826,5.64378,1.0362
191.7,29.8419,25.01783,20.99618,15.77126,13.66709,10.55632,5.80815,1.1579
191.6,29.81252,25.12095,21.12353,15.85149,13.73998,10.67107,5.96182,1.27982
191.5,29.77334,25.21238,21.2431,15.93063,13.80172,10.77655,6.11063,1.39473
191.4,29.72883,25.29228,21.35428,16.00584,13.85739,10.87115,6.26357,1.49434
191.3,29.68148,25.35928,21.45579,16.07385,13.90393,10.95488,6.40809,1.58321
191.2,29.63069,25.40963,21.5465,16.12902,13.94154,11.03183,6.5347,1.658
191.1,29.57691,25.44883,21.62607,16.1803,13.96205,11.10466,6.65584,1.72936
191,29.51493,25.4764,21.69383,16.22841,13.97029,11.17153,6.76818,1.81172
190.9,29.44793,25.49284,21.75254,16.27355,13.96682,11.22809,6.88374,1.92193
190.8,29.36864,25.49317,21.79776,16.30801,13.94806,11.27466,7.00209,2.04403
190.7,29.28081,25.47496,21.83506,16.33617,13.9232,11.30832,7.11244,2.16199
190.6,29.18866,25.44414,21.8633,16.36606,13.89601,11.32674,7.20768,2.28327
190.5,29.08983,25.40228,21.88871,16.39272,13.86077,11.33598,7.29188,2.40459
190.4,28.98711,25.3449,21.90742,16.40959,13.82029,11.33602,7.35579,2.51973
190.3,28.88644,25.27539,21.90895,16.4144,13.77054,11.33911,7.40402,2.62708
190.2,28.79141,25.19187,21.89072,16.41184,13.7123,11.34352,7.44302,2.69828
190.1,28.69489,25.09791,21.85324,16.40246,13.64898,11.34482,7.47171,2.74762
190,28.58848,24.98443,21.80287,16.39077,13.58561,11.3544,7.49597,2.77438
189.9,28.46986,24.85697,21.74093,16.37737,13.50876,11.35838,7.51625,2.81927
189.8,28.3392,24.71906,21.67085,16.36141,13.41958,11.33726,7.5444,2.84777
189.7,28.20409,24.56441,21.60146,16.34432,13.32063,11.29571,7.56274,2.86538
189.6,28.07501,24.40151,21.52674,16.32409,13.22807,11.24028,7.58676,2.8902
189.5,27.93989,24.23005,21.44579,16.30195,13.13882,11.17679,7.62398,2.9219
189.4,27.79323,24.05934,21.34841,16.26853,13.04961,11.10217,7.6611,2.95113
189.3,27.6498,23.88895,21.23042,16.21437,12.94923,11.0391,7.65241,2.97558
189.2,27.51143,23.71282,21.09083,16.14971,12.84661,11.00913,7.64004,2.98345
189.1,27.37139,23.534,20.94255,16.06533,12.72073,10.98802,7.6331,2.97819
189,27.23197,23.34724,20.7898,15.95081,12.59531,10.97619,7.58439,2.95838
188.9,27.09298,23.14111,20.62935,15.81853,12.46352,10.97265,7.49568,2.93775
188.8,26.95981,22.91618,20.45353,15.68659,12.29466,10.99011,7.38066,2.9174
188.7,26.84224,22.67474,20.26733,15.559,12.08885,11.02571,7.23806,2.89101
188.6,26.71735,22.43035,20.0813,15.42939,11.90168,11.04614,7.06694,2.87088
188.5,26.59863,22.19109,19.92467,15.30043,11.72058,11.06328,6.88169,2.85039
188.4,26.46142,21.95719,19.8019,15.13914,11.56611,11.07108,6.69413,2.82654
188.3,26.27491,21.73594,19.64558,14.96589,11.43599,11.05033,6.50564,2.80104
188.2,26.04828,21.51449,19.48966,14.7988,11.31686,11.01755,6.31762,2.79251
188.1,25.82236,21.25292,19.3171,14.6436,11.21055,10.97578,6.13779,2.79802
188,25.59505,20.93365,19.1127,14.51924,11.11889,10.93186,5.96823,2.82617
187.9,25.34179,20.60059,18.86927,14.43476,11.00694,10.88563,5.82462,2.87528
187.8,25.06545,20.25439,18.60647,14.34396,10.88224,10.8362,5.69375,2.93657
187.7,24.7659,19.89431,18.35048,14.23362,10.74045,10.78139,5.57235,2.98279
187.6,24.45286,19.53449,18.0753,14.11275,10.60488,10.71689,5.45037,2.99572
187.5,24.1476,19.16351,17.78146,13.97083,10.47178,10.65158,5.32946,2.98209
187.4,23.85429,18.79019,17.48618,13.81905,10.34569,10.58526,5.21462,2.95404
187.3,23.56227,18.42835,17.18686,13.65376,10.20802,10.51207,5.1171,2.92122
187.2,23.26558,18.07239,16.87786,13.47463,10.06301,10.42682,5.02969,2.92219
187.1,22.9759,17.71856,16.57251,13.28038,9.89623,10.32068,4.96232,2.92354
187,22.68754,17.37461,16.28032,13.08133,9.71849,10.19514,4.91013,2.92773
186.9,22.3973,17.03497,15.99726,12.88559,9.54147,10.05241,4.87455,2.94424
186.8,22.09617,16.70926,15.72755,12.70243,9.36102,9.90563,4.86871,2.95288
186.7,21.80114,16.40455,15.47102,12.54803,9.17377,9.73355,4.87404,2.9712
186.6,21.51381,16.10577,15.22807,12.41132,8.96683,9.55234,4.88693,2.98131
186.5,21.23365,15.82107,14.99183,12.27133,8.75006,9.38857,4.89614,2.98906
186.4,20.9692,15.57073,14.75275,12.11681,8.5326,9.23944,4.93184,3.0386
186.3,20.70304,15.35838,14.50653,11.95409,8.31866,9.11732,4.99538,3.08819
186.2,20.46251,15.16267,14.26068,11.78463,8.0963,9.00132,5.08848,3.13341
186.1,20.25059,14.99278,14.03241,11.62082,7.86507,8.90167,5.19667,3.18468
186,20.05219,14.8357,13.82642,11.46733,7.65136,8.80446,5.36816,3.24171
185.9,19.85324,14.70427,13.64328,11.31695,7.43342,8.69339,5.56657,3.32277
185.8,19.66187,14.59081,13.45738,11.17727,7.23379,8.58366,5.77447,3.42291
185.7,19.46717,14.48792,13.25686,11.06148,7.06222,8.48823,6.01823,3.54899
185.6,19.27495,14.41847,13.04353,10.94684,6.89434,8.38521,6.30929,3.67381
185.5,19.08007,14.37474,12.8363,10.82596,6.75943,8.26484,6.62746,3.7784
185.4,18.8654,14.36132,12.64115,10.69958,6.67531,8.11213,6.97286,3.86873
185.3,18.63495,14.36542,12.4461,10.55476,6.58423,7.96198,7.33373,3.95477
185.2,18.37434,14.36903,12.19946,10.38057,6.47202,7.81852,7.68206,4.03676
185.1,18.10149,14.37864,11.88367,10.20524,6.32811,7.67538,7.99563,4.10306
185,17.8312,14.3752,11.56089,9.99308,6.14207,7.54708,8.27279,4.13849
